[
  {
    "id": "6ba98c9e-92cf-4696-863c-c118fd311071",
    "data": [
      {
        "text": "สวัสดี",
        "userDefined": false
      }
    ],
    "isTemplate": false,
    "count": 0,
    "updated": 0
  },
  {
    "id": "488856a5-b408-4f89-bb94-7c6c522b1864",
    "data": [
      {
        "text": "หวัดดีจ้ะ",
        "userDefined": false
      }
    ],
    "isTemplate": false,
    "count": 0,
    "updated": 0
  },
  {
    "id": "750277d0-1854-4b0f-8c71-fcbce595b4d9",
    "data": [
      {
        "text": "สวัสดีน้า",
        "userDefined": false
      }
    ],
    "isTemplate": false,
    "count": 0,
    "updated": 0
  },
  {
    "id": "6f4e2746-343d-4945-b8be-f48bd7870643",
    "data": [
      {
        "text": "ว่าไง",
        "userDefined": false
      }
    ],
    "isTemplate": false,
    "count": 0,
    "updated": 0
  },
  {
    "id": "563daac3-4f42-4813-96bf-921f05ddd185",
    "data": [
      {
        "text": "สวีดัส",
        "userDefined": false
      }
    ],
    "isTemplate": false,
    "count": 0,
    "updated": 0
  },
  {
    "id": "ce71133b-fd75-4c5f-8f23-bb300f146535",
    "data": [
      {
        "text": "สวัสดีจ้ะ",
        "userDefined": false
      }
    ],
    "isTemplate": false,
    "count": 0,
    "updated": 0
  },
  {
    "id": "19bc1042-8e5f-4dce-acdd-5e81ba577b68",
    "data": [
      {
        "text": "หวัดดีจ้า",
        "userDefined": false
      }
    ],
    "isTemplate": false,
    "count": 0,
    "updated": 0
  },
  {
    "id": "06f2da9f-9c54-49a4-b111-aa966ede4c43",
    "data": [
      {
        "text": "ไม่เจอกันตั้งนาน",
        "userDefined": false
      }
    ],
    "isTemplate": false,
    "count": 0,
    "updated": 0
  },
  {
    "id": "6c7616bd-0941-437a-a5cd-fbec340991ab",
    "data": [
      {
        "text": "ขอทักทาย",
        "userDefined": false
      }
    ],
    "isTemplate": false,
    "count": 0,
    "updated": 0
  },
  {
    "id": "ca19c4e3-8746-444c-a20d-e68c5b14d1ad",
    "data": [
      {
        "text": "หวัดดี",
        "userDefined": false
      }
    ],
    "isTemplate": false,
    "count": 0,
    "updated": 0
  }
]